{
  "precision": {
    "0.0": [
      0.33458761449004615
    ],
    "0.025": [
      0.9545804464973057
    ],
    "0.05": [
      0.9688614520818711
    ],
    "0.07500000000000001": [
      0.9759293113954906
    ],
    "0.1": [
      0.9805170091925757
    ],
    "0.125": [
      0.983031124335312
    ],
    "0.15000000000000002": [
      0.9848682262363044
    ],
    "0.17500000000000002": [
      0.9868603145786521
    ],
    "0.2": [
      0.9884603886397608
    ],
    "0.225": [
      0.990006152368662
    ],
    "0.25": [
      0.9911801447901145
    ]
  },
  "recall": {
    "0.0": [
      0.9938068689843791
    ],
    "0.025": [
      0.8967548519434071
    ],
    "0.05": [
      0.8894309156892652
    ],
    "0.07500000000000001": [
      0.8844343344027771
    ],
    "0.1": [
      0.8807789407247673
    ],
    "0.125": [
      0.8775180139904276
    ],
    "0.15000000000000002": [
      0.8746384053016357
    ],
    "0.17500000000000002": [
      0.8720086256771683
    ],
    "0.2": [
      0.8695103350339242
    ],
    "0.225": [
      0.8674985536212065
    ],
    "0.25": [
      0.865920685846526
    ]
  },
  "taus": [
    0.0,
    0.025,
    0.05,
    0.07500000000000001,
    0.1,
    0.125,
    0.15000000000000002,
    0.17500000000000002,
    0.2,
    0.225,
    0.25
  ]
}